"Assay","R.squared","Slope","Intercept","Low.95","LOD","LOQ","rep2.LOD","rep3.LOD","rep4.LOD","rep5.LOD","rep8.LOD"
"A.catenella",0.999114023624867,-3.27844402985074,41.6940107383592,200,43.268099790063,500,34.4368022639688,31.1929343105055,29.2760141597538,27.9136724377309,25.1771915529343
