"Assay","R.squared","Slope","Intercept","Low.95","LOD","LOQ","rep2.LOD","rep3.LOD","rep4.LOD","rep5.LOD","rep8.LOD"
"A.catenella",0.999077732096897,-3.2827,41.7066411667662,200,63.9835320113238,63.9835320113238,45.8779457069896,39.7008761866205,36.1729739035798,33.719738054753,28.9163388506291
