"Estimate","Std..Error","Lower","Upper","LoD","Assay"
43.268099790063,812.375433946734,-1573.10419064612,1659.64039022625,"1rep.LOD","A.catenella"
34.4368022639688,455.230849845501,-871.329793689287,940.203398217224,"2rep.LOD","A.catenella"
31.1929343105055,337.250419589699,-639.82961312722,702.215481748231,"3rep.LOD","A.catenella"
29.2760141597538,271.346137510904,-510.617684568547,569.169712888055,"4rep.LOD","A.catenella"
27.9136724377309,226.358587520107,-422.468913348048,478.29625822351,"5rep.LOD","A.catenella"
25.1771915529343,140.9904387661,-255.349556198162,305.703939304031,"8rep.LOD","A.catenella"
