"Estimate","Std..Error","Lower","Upper","LoD","Assay"
63.9835320113238,922.963226405312,-1772.77182402087,1900.73888804352,"1rep.LOD","A.catenella"
45.8779457069896,472.494944410617,-894.416959892233,986.172851306212,"2rep.LOD","A.catenella"
39.7008761866205,337.708295588829,-632.360049918892,711.761802292133,"3rep.LOD","A.catenella"
36.1729739035798,265.994647904216,-493.173245140056,565.519192947215,"4rep.LOD","A.catenella"
33.719738054753,218.636551812334,-401.380866256175,468.820342365681,"5rep.LOD","A.catenella"
28.9163388506291,132.567744808261,-234.901880930484,292.734558631742,"8rep.LOD","A.catenella"
